id,first_name,last_name,email,type
1,Von,Shrimptone,vshrimptone0@domainmarket.com,student
2,Tomasina,Sommerville,tsommerville1@amazon.de,student
3,Rufe,Flew,rflew2@ucoz.com,student
4,Reg,Lomath,rlomath3@wired.com,student
5,Kristofor,Ahrendsen,kahrendsen4@jigsy.com,student
6,Pearle,Nijssen,pnijssen5@upenn.edu,professor
7,Chiarra,Winckles,cwinckles6@baidu.com,student
8,Ewell,Crockley,ecrockley7@360.cn,student
9,Wendy,Barrett,wbarrett8@fc2.com,student
10,Hanny,Manders,hmanders9@oracle.com,student
11,Felicity,Brook,fbrooka@columbia.edu,student
12,Bernie,Brosel,bbroselb@ucoz.com,student
13,Kirk,Fritche,kfritchec@buzzfeed.com,student
14,Artie,Gunner,agunnerd@about.me,student
15,Burlie,Antoniewicz,bantoniewicze@imdb.com,student
16,Fabian,Klimmek,fklimmekf@google.it,student
17,Roanna,Speariett,rspeariettg@businessweek.com,student
18,Jamison,Bellew,jbellewh@marketwatch.com,student
19,Florrie,McRonald,fmcronaldi@mayoclinic.com,student
20,Care,Fatharly,cfatharlyj@wired.com,student
21,Lib,Mourant,lmourantk@goodreads.com,professor
22,Zed,Littlemore,zlittlemorel@edublogs.org,student
23,Suzanna,Roberts,srobertsm@ca.gov,student
24,Thacher,Blencowe,tblencowen@auda.org.au,student
25,Siward,Giovannelli,sgiovannellio@ovh.net,student
26,Pedro,Yoell,pyoellp@amazon.co.jp,student
27,Naoma,Gawkes,ngawkesq@ibm.com,student
28,Myrah,Harling,mharlingr@skyrock.com,student
29,Karlens,Kimbley,kkimbleys@dagondesign.com,student
30,Mirella,McBrady,mmcbradyt@spotify.com,student
31,Meghann,Draisey,mdraiseyu@boston.com,student
32,Isac,McGarrell,imcgarrellv@spiegel.de,student
33,Betti,McLaughlin,bmclaughlinw@jugem.jp,student
34,Vivienne,Gull,vgullx@multiply.com,student
35,Dorella,Dodd,ddoddy@deviantart.com,student
36,Maribelle,Winteringham,mwinteringhamz@ted.com,student
37,Tamarra,Urvoy,turvoy10@princeton.edu,student
38,Wat,Abotson,wabotson11@amazon.co.uk,student
39,Tedd,Blunsom,tblunsom12@163.com,student
40,Pepi,Hamsher,phamsher13@elpais.com,student
41,Cletus,Bosward,cbosward14@jigsy.com,student
42,Lefty,Paute,lpaute15@irs.gov,student
43,Janeva,Lanyon,jlanyon16@usa.gov,student
44,Mommy,Lanchbery,mlanchbery17@google.nl,student
45,Isabeau,Ternent,iternent18@biblegateway.com,student
46,Eden,Hennemann,ehennemann19@phpbb.com,student
47,Aili,Stoad,astoad1a@theglobeandmail.com,student
48,Moshe,Robart,mrobart1b@hud.gov,student
49,Sindee,Pitkeathly,spitkeathly1c@vistaprint.com,student
50,Candi,Yosifov,cyosifov1d@google.it,student
51,Leicester,Ternouth,lternouth1e@mtv.com,student
52,Lonny,Bome,lbome1f@engadget.com,student
53,Lauraine,Aguirrezabal,laguirrezabal1g@cisco.com,student
54,Anabella,Fielden,afielden1h@vk.com,student
55,Claire,Daughtrey,cdaughtrey1i@who.int,student
56,Rudie,Alldis,ralldis1j@t.co,student
57,Tawsha,Hembry,thembry1k@amazon.co.uk,student
58,Aline,Veregan,averegan1l@desdev.cn,student
59,Kendall,Idiens,kidiens1m@nyu.edu,student
60,Wake,Gilcrist,wgilcrist1n@addthis.com,student
61,Nadia,Lamplugh,nlamplugh1o@weebly.com,student
62,Guillaume,Gorden,ggorden1p@csmonitor.com,student
63,Bink,Balden,bbalden1q@illinois.edu,student
64,Tierney,Emor,temor1r@vk.com,professor
65,Cull,Showell,cshowell1s@is.gd,student
66,Doris,Pople,dpople1t@va.gov,student
67,Celestyn,Studdard,cstuddard1u@nationalgeographic.com,student
68,Fin,Diggar,fdiggar1v@cbslocal.com,student
69,Corliss,Colliar,ccolliar1w@ox.ac.uk,student
70,Maxim,Winspar,mwinspar1x@adobe.com,student
71,Marge,Grimestone,mgrimestone1y@vistaprint.com,student
72,Kacy,Carleton,kcarleton1z@hatena.ne.jp,student
73,Julieta,Haliday,jhaliday20@nationalgeographic.com,student
74,Traci,Kubek,tkubek21@google.com.au,student
75,Rees,Maass,rmaass22@japanpost.jp,student
76,Ansel,Varnes,avarnes23@kickstarter.com,student
77,Remington,MacVanamy,rmacvanamy24@globo.com,student
78,Dory,Drew-Clifton,ddrewclifton25@google.co.jp,student
79,Thomasa,Dyter,tdyter26@about.me,student
80,Winslow,Scholz,wscholz27@arstechnica.com,student
81,Miquela,Colafate,mcolafate28@vkontakte.ru,student
82,Simone,Fitchen,sfitchen29@xing.com,professor
83,Cecilius,Yele,cyele2a@youtube.com,student
84,Wendye,Coldman,wcoldman2b@microsoft.com,student
85,Melva,Winterson,mwinterson2c@arstechnica.com,student
86,Arabella,Farenden,afarenden2d@timesonline.co.uk,student
87,Alexei,Fennell,afennell2e@histats.com,student
88,Roda,Oake,roake2f@t.co,student
89,Hakeem,Brogini,hbrogini2g@storify.com,student
90,Tomasina,Ewestace,tewestace2h@cdbaby.com,student
91,Elva,Headings,eheadings2i@businessweek.com,student
92,Lisbeth,Matieu,lmatieu2j@elegantthemes.com,student
93,Margery,Ferreli,mferreli2k@digg.com,student
94,Ester,Ponnsett,eponnsett2l@dailymotion.com,student
95,Mal,Georgescu,mgeorgescu2m@columbia.edu,student
96,Avivah,Schriren,aschriren2n@ucoz.com,student
97,Lonnie,Bolwell,lbolwell2o@netscape.com,student
98,Simonette,Kohnen,skohnen2p@booking.com,student
99,Washington,Pinder,wpinder2q@msu.edu,student
100,Hana,Ludlow,hludlow2r@mozilla.org,student
101,Royce,Archibould,rarchibould2s@patch.com,student
102,Krystal,Wolstencroft,kwolstencroft2t@amazonaws.com,student
103,Hyacinth,Hounsome,hhounsome2u@japanpost.jp,student
104,Rollins,Jerdein,rjerdein2v@e-recht24.de,student
105,Sharl,Millins,smillins2w@discovery.com,student
106,Regan,Willmer,rwillmer2x@apache.org,student
107,Hobie,Wimpress,hwimpress2y@wufoo.com,student
108,Debra,Trasler,dtrasler2z@wisc.edu,student
109,Horton,Dullard,hdullard30@themeforest.net,student
110,Niven,Verman,nverman31@squarespace.com,student
111,Estrellita,Linacre,elinacre32@gnu.org,student
112,Isiahi,O'Mullally,iomullally33@wiley.com,student
113,Stephana,Scemp,sscemp34@smugmug.com,student
114,Verile,Wessing,vwessing35@abc.net.au,student
115,Frannie,Tackley,ftackley36@google.com,student
116,Kristin,D'Elia,kdelia37@auda.org.au,student
117,Hanson,Epp,hepp38@edublogs.org,student
118,Austina,Akers,aakers39@webeden.co.uk,student
119,Daria,Wakeley,dwakeley3a@instagram.com,student
120,Jerome,Disdel,jdisdel3b@cam.ac.uk,professor
121,Cassandre,Momery,cmomery3c@sphinn.com,student
122,Man,Figgins,mfiggins3d@shutterfly.com,student
123,Garfield,Haugh,ghaugh3e@csmonitor.com,student
124,Danell,Ickov,dickov3f@netlog.com,student
125,Kipper,Reubbens,kreubbens3g@mozilla.org,student
126,Laetitia,Deniscke,ldeniscke3h@princeton.edu,student
127,Domenic,Illston,dillston3i@tumblr.com,student
128,Lonnie,Swanston,lswanston3j@cnet.com,student
129,Mallissa,Skoof,mskoof3k@godaddy.com,student
130,Kirbie,Truckett,ktruckett3l@washingtonpost.com,student
131,Norry,Vitler,nvitler3m@wikispaces.com,student
132,Nappie,Jurisch,njurisch3n@bizjournals.com,student
133,Winnie,Gerrelt,wgerrelt3o@yahoo.com,student
134,Didi,Manilow,dmanilow3p@toplist.cz,student
135,Freedman,Petkov,fpetkov3q@yolasite.com,student
136,Rhona,Tibbotts,rtibbotts3r@posterous.com,student
137,Genia,Icke,gicke3s@google.ru,student
138,Fiann,Gargett,fgargett3t@amazon.co.jp,student
139,Virgie,Cuseick,vcuseick3u@twitter.com,student
140,Jordan,Worsham,jworsham3v@uol.com.br,student
141,Any,Coe,acoe3w@sfgate.com,student
142,Charita,Scotchforth,cscotchforth3x@jimdo.com,student
143,Delaney,Flint,dflint3y@fc2.com,professor
144,Danit,Molder,dmolder3z@eventbrite.com,student
145,Doris,Pirazzi,dpirazzi40@adobe.com,student
146,Markus,Hildrew,mhildrew41@usnews.com,student
147,Kellie,Goodwins,kgoodwins42@tiny.cc,student
148,Denys,Hardaway,dhardaway43@51.la,student
149,Chane,Behneke,cbehneke44@arstechnica.com,student
150,Jacquie,Ledford,jledford45@mtv.com,student
151,Graeme,Llop,gllop46@alexa.com,professor
152,Merrel,Pougher,mpougher47@whitehouse.gov,student
153,Ashely,Torald,atorald48@bloglines.com,student
154,Cass,Freak,cfreak49@tmall.com,student
155,Steffen,Guillot,sguillot4a@topsy.com,student
156,Marie,Mowat,mmowat4b@springer.com,student
157,Tristan,Cantopher,tcantopher4c@baidu.com,student
158,Theobald,McGeouch,tmcgeouch4d@examiner.com,student
159,Dreddy,Copyn,dcopyn4e@live.com,student
160,Kendrick,Sangster,ksangster4f@tinyurl.com,student
161,Cherrita,Chotty,cchotty4g@google.cn,student
162,Darnell,Offord,dofford4h@latimes.com,student
163,Ringo,Fairbeard,rfairbeard4i@state.gov,student
164,Udale,Drioli,udrioli4j@merriam-webster.com,student
165,Obadiah,Cuttin,ocuttin4k@cdc.gov,student
166,Carlina,Clapshaw,cclapshaw4l@123-reg.co.uk,student
167,Maje,Langhorn,mlanghorn4m@lycos.com,student
168,Karlie,Jinkins,kjinkins4n@oakley.com,student
169,Sadie,McGrouther,smcgrouther4o@sun.com,student
170,Hewitt,Kamen,hkamen4p@ucoz.ru,student
171,Aimee,Redish,aredish4q@mail.ru,student
172,Virgie,Bullivent,vbullivent4r@forbes.com,student
173,Cornela,Ingray,cingray4s@storify.com,student
174,Kit,Stibbs,kstibbs4t@360.cn,student
175,Caitrin,Heinke,cheinke4u@craigslist.org,student
176,Nissie,Offord,nofford4v@china.com.cn,student
177,Eduardo,Carn,ecarn4w@elpais.com,student
178,Kristan,Dyet,kdyet4x@about.me,student
179,Jodi,McEvon,jmcevon4y@jugem.jp,student
180,Grace,Eick,geick4z@issuu.com,student
181,Tildi,Giffkins,tgiffkins50@newsvine.com,student
182,Staford,Seppey,sseppey51@bing.com,student
183,Haily,Gorring,hgorring52@ycombinator.com,student
184,Tom,Huelin,thuelin53@admin.ch,student
185,Hurley,Bursnell,hbursnell54@engadget.com,student
186,Jessalin,Adriani,jadriani55@intel.com,student
187,Eadie,Andreev,eandreev56@geocities.com,student
188,Consalve,Peres,cperes57@hugedomains.com,student
189,Sisely,Gierardi,sgierardi58@dailymotion.com,student
190,Torey,Bartle,tbartle59@ucla.edu,student
191,Winifred,Durston,wdurston5a@nbcnews.com,student
192,Darnall,Wellen,dwellen5b@google.de,student
193,Gleda,Screach,gscreach5c@nhs.uk,student
194,Carmel,Hawney,chawney5d@tripadvisor.com,student
195,De witt,Ravenscroftt,dravenscroftt5e@marketwatch.com,student
196,Damiano,Elbourn,delbourn5f@hexun.com,student
197,Otis,Larrett,olarrett5g@icq.com,student
198,Bel,Jendrys,bjendrys5h@amazon.co.uk,student
199,Fiorenze,Hardaway,fhardaway5i@businesswire.com,professor
200,Bent,Gilding,bgilding5j@cnbc.com,student
201,Othello,Housegoe,ohousegoe5k@t.co,student
202,Aridatha,Brundill,abrundill5l@google.fr,student
203,Ortensia,Beake,obeake5m@devhub.com,student
204,Harvey,Lackington,hlackington5n@yahoo.co.jp,student
205,Biddie,Fri,bfri5o@networksolutions.com,student
206,Fletcher,Lutz,flutz5p@ucsd.edu,professor
207,Avrom,Bruins,abruins5q@google.nl,student
208,Charita,Ottiwill,cottiwill5r@simplemachines.org,student
209,Eileen,Harfoot,eharfoot5s@trellian.com,student
210,Gail,Dunkley,gdunkley5t@hibu.com,student
211,Sherie,McSherry,smcsherry5u@ftc.gov,student
212,Maighdiln,Roll,mroll5v@washingtonpost.com,student
213,Eberhard,Beadham,ebeadham5w@guardian.co.uk,student
214,Helga,Bonnick,hbonnick5x@weebly.com,student
215,Carny,Burry,cburry5y@posterous.com,student
216,Thalia,McClunaghan,tmcclunaghan5z@cdc.gov,student
217,Drusy,Misken,dmisken60@dion.ne.jp,student
218,Brena,Josefs,bjosefs61@mac.com,student
219,Mirelle,Firth,mfirth62@shop-pro.jp,student
220,L;urette,Lamplough,llamplough63@virginia.edu,student
221,Milena,Jessett,mjessett64@vistaprint.com,student
222,Raeann,Hoffmann,rhoffmann65@fotki.com,student
223,Thor,Radki,tradki66@live.com,student
224,Lydia,Blazewicz,lblazewicz67@odnoklassniki.ru,student
225,Verile,Saur,vsaur68@kickstarter.com,student
226,Ricki,St Pierre,rstpierre69@sciencedirect.com,student
227,Ferrell,Vose,fvose6a@java.com,student
228,Laetitia,Batistelli,lbatistelli6b@sciencedirect.com,student
229,Kirsteni,Wakefield,kwakefield6c@mapquest.com,student
230,Cassi,Girardengo,cgirardengo6d@so-net.ne.jp,student
231,Erda,Torrans,etorrans6e@tuttocitta.it,student
232,Rory,Milson,rmilson6f@sciencedirect.com,student
233,Whit,Sea,wsea6g@yandex.ru,student
234,Linnet,Siggens,lsiggens6h@virginia.edu,student
235,Terri,Kolin,tkolin6i@comsenz.com,student
236,Baron,Huge,bhuge6j@chicagotribune.com,student
237,Giulia,Tompsett,gtompsett6k@youku.com,student
238,Mathe,Boucher,mboucher6l@tmall.com,student
239,Ave,Tender,atender6m@freewebs.com,student
240,Ilse,Bedrosian,ibedrosian6n@bloomberg.com,student
241,Lou,Proswell,lproswell6o@soundcloud.com,student
242,Lamar,Lambol,llambol6p@blogger.com,student
243,Damaris,Berston,dberston6q@cornell.edu,student
244,Robbyn,Ealden,realden6r@google.ca,student
245,Wakefield,Ulyatt,wulyatt6s@cisco.com,student
246,Sharyl,MacVean,smacvean6t@who.int,student
247,Karisa,Geffcock,kgeffcock6u@furl.net,student
248,Tricia,Yushmanov,tyushmanov6v@dion.ne.jp,student
249,Hussein,Binney,hbinney6w@va.gov,student
250,Hettie,Greenmon,hgreenmon6x@sfgate.com,student
251,Hayyim,Lindemann,hlindemann6y@walmart.com,student
252,Burnard,O'Rodane,borodane6z@alibaba.com,student
253,Elie,McKim,emckim70@symantec.com,student
254,Sargent,Brunger,sbrunger71@discuz.net,student
255,Goldia,Casley,gcasley72@comcast.net,student
256,Boigie,Foxworthy,bfoxworthy73@oakley.com,student
257,Maighdiln,Spybey,mspybey74@themeforest.net,student
258,Gregor,Mainland,gmainland75@drupal.org,student
259,Nickola,Langmuir,nlangmuir76@dot.gov,student
260,Vernen,Handaside,vhandaside77@yellowbook.com,student
261,Corry,Ansell,cansell78@answers.com,student
262,Bianca,Barnfield,bbarnfield79@wordpress.org,student
263,Doretta,Orbine,dorbine7a@dot.gov,student
264,Avrom,Bisseker,abisseker7b@yahoo.co.jp,student
265,Brittni,Belsham,bbelsham7c@zdnet.com,student
266,Lisha,Drover,ldrover7d@friendfeed.com,student
267,Stevy,Gingel,sgingel7e@engadget.com,student
268,Gerry,Jean,gjean7f@sbwire.com,student
269,Kelsi,Fishley,kfishley7g@oracle.com,student
270,Adoree,Hanna,ahanna7h@miitbeian.gov.cn,student
271,Doll,Phateplace,dphateplace7i@sakura.ne.jp,professor
272,Theodor,Hulse,thulse7j@canalblog.com,student
273,Serge,Josephy,sjosephy7k@ifeng.com,student
274,Germayne,Bosnell,gbosnell7l@nasa.gov,student
275,Fionnula,Isacoff,fisacoff7m@imgur.com,student
276,Stanleigh,Torbard,storbard7n@shutterfly.com,student
277,Stella,Spear,sspear7o@house.gov,student
278,Odelinda,Adiscot,oadiscot7p@slideshare.net,student
279,Olly,Gerred,ogerred7q@google.com.hk,student
280,Adela,Getch,agetch7r@arizona.edu,student
281,Sheelagh,Wainscoat,swainscoat7s@chronoengine.com,student
282,Dorothee,Chipperfield,dchipperfield7t@ocn.ne.jp,student
283,Milly,Gryglewski,mgryglewski7u@toplist.cz,student
284,Claybourne,Ozanne,cozanne7v@answers.com,student
285,Katerine,Penbarthy,kpenbarthy7w@symantec.com,student
286,Lester,O'Kuddyhy,lokuddyhy7x@elegantthemes.com,student
287,Tamas,Jewkes,tjewkes7y@omniture.com,student
288,Orel,Waitland,owaitland7z@noaa.gov,student
289,Ursa,Drohane,udrohane80@sohu.com,student
290,Christian,Pic,cpic81@acquirethisname.com,student
291,Vernor,Henryson,vhenryson82@weibo.com,student
292,Carter,Starton,cstarton83@mapy.cz,student
293,Renato,Larman,rlarman84@hubpages.com,student
294,Stevena,Gerrard,sgerrard85@vimeo.com,student
295,Rodrique,MacTimpany,rmactimpany86@cnbc.com,student
296,Carolyn,Mackneis,cmackneis87@java.com,professor
297,Granny,Shelborne,gshelborne88@google.nl,student
298,Neel,Medcraft,nmedcraft89@newsvine.com,student
299,Gaylor,Cleaves,gcleaves8a@bizjournals.com,student
300,Brittany,Calam,bcalam8b@google.com.au,professor
301,Judon,Buckam,jbuckam8c@nih.gov,student
302,Channa,Janz,cjanz8d@aol.com,student
303,Felice,Jeffryes,fjeffryes8e@wisc.edu,student
304,Wye,Redman,wredman8f@wunderground.com,student
305,Kira,Joannidi,kjoannidi8g@forbes.com,student
306,Gusty,Eglise,geglise8h@wikia.com,student
307,Merry,MacGeaney,mmacgeaney8i@pbs.org,student
308,Rick,Creenan,rcreenan8j@illinois.edu,student
309,Yetty,Ashlin,yashlin8k@cpanel.net,student
310,Alyss,Saleway,asaleway8l@biblegateway.com,student
311,Raynor,McKnish,rmcknish8m@free.fr,student
312,Erhart,Sawood,esawood8n@jimdo.com,student
313,Gideon,Corkett,gcorkett8o@naver.com,student
314,Elinor,Burg,eburg8p@springer.com,student
315,Krystalle,Sowten,ksowten8q@acquirethisname.com,student
316,Henderson,Norcutt,hnorcutt8r@wufoo.com,student
317,Garrott,Steaning,gsteaning8s@123-reg.co.uk,student
318,Austen,Lillgard,alillgard8t@techcrunch.com,student
319,Kim,Curnnokk,kcurnnokk8u@fema.gov,student
320,Artie,Lippitt,alippitt8v@baidu.com,student
321,Adina,Peeke,apeeke8w@umn.edu,student
322,Anthony,Haslum,ahaslum8x@cafepress.com,student
323,Jessika,Lowensohn,jlowensohn8y@google.cn,student
324,Dani,Gallo,dgallo8z@1688.com,student
325,Rahal,Cashley,rcashley90@gmpg.org,student
326,Tatiana,Iggulden,tiggulden91@mail.ru,student
327,Ragnar,Aveyard,raveyard92@loc.gov,student
328,Lorri,O'Donoghue,lodonoghue93@xrea.com,professor
329,Tymon,Ricco,tricco94@ameblo.jp,student
330,Orazio,Filipiak,ofilipiak95@joomla.org,student
331,Jemie,Marrow,jmarrow96@nationalgeographic.com,student
332,Archibold,Hatley,ahatley97@berkeley.edu,student
333,Joella,Pedlow,jpedlow98@adobe.com,student
334,Mayne,Littlekit,mlittlekit99@oracle.com,student
335,Marilee,Wyllt,mwyllt9a@istockphoto.com,student
336,Cortie,Yendle,cyendle9b@nyu.edu,student
337,Herold,Nasey,hnasey9c@youku.com,student
338,Nikos,Pagett,npagett9d@sogou.com,student
339,Gertrude,Goodbar,ggoodbar9e@acquirethisname.com,student
340,Dyann,Branigan,dbranigan9f@123-reg.co.uk,student
341,Barclay,Smythe,bsmythe9g@gizmodo.com,student
342,Trudie,Fassmann,tfassmann9h@histats.com,student
343,Norah,Rubinivitz,nrubinivitz9i@privacy.gov.au,student
344,Ianthe,Cluckie,icluckie9j@opera.com,student
345,Conan,Dedmam,cdedmam9k@xinhuanet.com,student
346,Arty,Pateman,apateman9l@webeden.co.uk,student
347,Griffie,Teare,gteare9m@unicef.org,student
348,Yolande,Luttgert,yluttgert9n@army.mil,student
349,Lorettalorna,Tabourel,ltabourel9o@umn.edu,student
350,Tandi,Bigley,tbigley9p@dropbox.com,student
351,Ahmad,Donisi,adonisi9q@cbslocal.com,student
352,Granville,Theyer,gtheyer9r@zdnet.com,student
353,Culley,Meaney,cmeaney9s@ehow.com,student
354,Conant,McBoyle,cmcboyle9t@wikispaces.com,student
355,Kelcey,Blaxlande,kblaxlande9u@people.com.cn,student
356,Aili,Ivanyushin,aivanyushin9v@fastcompany.com,student
357,Gwenora,Arthey,garthey9w@smugmug.com,student
358,Moe,Seyers,mseyers9x@myspace.com,student
359,Serena,Jewis,sjewis9y@smh.com.au,student
360,Holly-anne,Lissandre,hlissandre9z@ebay.com,student
361,Goddard,Nares,gnaresa0@bluehost.com,student
362,Katie,Serfati,kserfatia1@reference.com,student
363,Hinze,Chessman,hchessmana2@vinaora.com,student
364,Sarita,Skipper,sskippera3@yale.edu,student
365,Jacenta,Tawton,jtawtona4@pcworld.com,student
366,Quentin,Dikes,qdikesa5@mysql.com,student
367,Leonanie,Rraundl,lrraundla6@liveinternet.ru,student
368,Andeee,Cheesman,acheesmana7@goo.gl,student
369,Shae,Claydon,sclaydona8@1688.com,student
370,Arabella,Songest,asongesta9@google.com.hk,student
371,Charity,Ledwitch,cledwitchaa@smugmug.com,student
372,Ines,Heinssen,iheinssenab@sfgate.com,student
373,Giraud,Dixsee,gdixseeac@sun.com,student
374,Gasper,Odger,godgerad@bloomberg.com,student
375,Wyatan,Clover,wcloverae@bloglovin.com,student
376,Edan,Gunney,egunneyaf@alibaba.com,student
377,Leeland,Rainbird,lrainbirdag@house.gov,student
378,Der,McNevin,dmcnevinah@chron.com,student
379,Kettie,Goldney,kgoldneyai@hao123.com,student
380,Shelia,McVitty,smcvittyaj@shareasale.com,student
381,Moses,Biggadike,mbiggadikeak@rambler.ru,student
382,Bastien,Elrick,belrickal@weather.com,student
383,Brunhilde,Bland,bblandam@eventbrite.com,student
384,Jens,Dykes,jdykesan@i2i.jp,student
385,Ferdy,Cogdell,fcogdellao@biblegateway.com,student
386,Adelaide,Pettegre,apettegreap@walmart.com,student
387,Winn,Fullerd,wfullerdaq@alexa.com,student
388,Jacinda,Klawi,jklawiar@cmu.edu,student
389,Gayler,Leall,gleallas@sun.com,student
390,Alexei,Barenski,abarenskiat@thetimes.co.uk,student
391,Ernest,Provost,eprovostau@nbcnews.com,student
392,Josy,Blakeway,jblakewayav@dailymotion.com,student
393,Johny,Kleynen,jkleynenaw@lulu.com,student
394,Mara,Lagneaux,mlagneauxax@cocolog-nifty.com,student
395,Claudette,Dangerfield,cdangerfielday@dell.com,student
396,Ealasaid,Guppy,eguppyaz@imageshack.us,student
397,Tymothy,Stud,tstudb0@dailymail.co.uk,student
398,Tymothy,Coxon,tcoxonb1@columbia.edu,student
399,Igor,Smalley,ismalleyb2@sakura.ne.jp,professor
400,Gianina,Staddart,gstaddartb3@sun.com,student
401,Ernest,Spalton,espaltonb4@ustream.tv,student
402,Elga,Higgonet,ehiggonetb5@drupal.org,student
403,Lanni,Rubrow,lrubrowb6@acquirethisname.com,student
404,Emile,Springford,espringfordb7@latimes.com,student
405,Ives,De Malchar,idemalcharb8@addtoany.com,student
406,Brigitte,Popworth,bpopworthb9@macromedia.com,student
407,Adriane,Habbes,ahabbesba@adobe.com,student
408,Saunder,McFadyen,smcfadyenbb@indiatimes.com,student
409,Alma,Bart,abartbc@livejournal.com,student
410,Bunny,Sawle,bsawlebd@blogs.com,student
411,Waring,Gronav,wgronavbe@marriott.com,student
412,Em,Dron,edronbf@free.fr,student
413,Cleavland,Verbeek,cverbeekbg@ed.gov,student
414,Jerome,Seyler,jseylerbh@apple.com,student
415,Danya,Crone,dcronebi@last.fm,student
416,Fanchette,Dugald,fdugaldbj@answers.com,student
417,Inger,Danko,idankobk@blogs.com,student
418,Annadiana,Wayt,awaytbl@4shared.com,student
419,Linda,Beal,lbealbm@rambler.ru,student
420,Berthe,Bruun,bbruunbn@privacy.gov.au,student
421,Frankie,Sprigin,fspriginbo@skyrock.com,student
422,Maurits,Readie,mreadiebp@addthis.com,professor
423,Forest,Lanbertoni,flanbertonibq@slideshare.net,professor
424,Nikos,Jachimak,njachimakbr@hhs.gov,student
425,Robbin,Tanner,rtannerbs@constantcontact.com,student
426,Brandie,De Vaan,bdevaanbt@nifty.com,student
427,Mitch,Handslip,mhandslipbu@amazon.de,student
428,Demott,Beeke,dbeekebv@facebook.com,student
429,Dennet,Willcox,dwillcoxbw@blog.com,student
430,Melosa,Hazell,mhazellbx@ow.ly,student
431,Guillemette,Mordaunt,gmordauntby@salon.com,student
432,Isa,Sebyer,isebyerbz@hostgator.com,student
433,Seamus,Louch,slouchc0@e-recht24.de,student
434,Giffard,Bousler,gbouslerc1@ucla.edu,professor
435,Frank,Franey,ffraneyc2@webmd.com,student
436,Ludvig,Casemore,lcasemorec3@cam.ac.uk,student
437,Harrison,Graver,hgraverc4@miitbeian.gov.cn,student
438,Douglass,Hyndson,dhyndsonc5@wired.com,student
439,Eugenie,Cejka,ecejkac6@hibu.com,professor
440,Benedikt,Leverette,bleverettec7@mozilla.org,student
441,Aundrea,Lyte,alytec8@slate.com,student
442,Bruis,Mayo,bmayoc9@wix.com,student
443,Tommie,Reap,treapca@exblog.jp,student
444,Moira,Ashbrook,mashbrookcb@tinyurl.com,student
445,Pierrette,Bartkiewicz,pbartkiewiczcc@amazon.co.jp,student
446,Keen,Dowsett,kdowsettcd@slate.com,student
447,Abbie,Bolderson,aboldersonce@jiathis.com,student
448,Emelda,Gorrissen,egorrissencf@baidu.com,student
449,Millisent,Cowles,mcowlescg@hhs.gov,student
450,Arvy,Humber,ahumberch@google.it,student
451,Em,Shrigley,eshrigleyci@webnode.com,student
452,Fawne,Dinsell,fdinsellcj@ucsd.edu,student
453,Blisse,Sein,bseinck@barnesandnoble.com,student
454,Gabriela,Elcocks,gelcockscl@histats.com,student
455,Kandace,Cornilleau,kcornilleaucm@cnet.com,student
456,Judith,Corday,jcordaycn@weather.com,professor
457,Tansy,Dutson,tdutsonco@geocities.com,student
458,Maurise,Larwood,mlarwoodcp@ucsd.edu,student
459,Honoria,Le Quesne,hlequesnecq@nih.gov,student
460,Kym,Friett,kfriettcr@a8.net,student
461,Carlie,Asple,casplecs@dell.com,student
462,Robinson,Sreenan,rsreenanct@google.com.hk,student
463,Ephraim,O'Fogarty,eofogartycu@earthlink.net,student
464,Carlotta,Boyat,cboyatcv@oakley.com,student
465,Mychal,Sharply,msharplycw@tumblr.com,student
466,Aubrey,Rosa,arosacx@walmart.com,student
467,Alena,Biddle,abiddlecy@quantcast.com,student
468,Shelly,Rumble,srumblecz@bbb.org,student
469,Karyn,Bastow,kbastowd0@cbslocal.com,student
470,Liza,McCole,lmccoled1@smh.com.au,student
471,Horst,Wrate,hwrated2@hao123.com,student
472,Fin,Crown,fcrownd3@businesswire.com,student
473,Kaitlyn,Blasing,kblasingd4@sina.com.cn,student
474,Mord,Thormann,mthormannd5@jimdo.com,student
475,Brennan,Walls,bwallsd6@digg.com,student
476,Olenka,Tackes,otackesd7@whitehouse.gov,student
477,Fawn,Brehat,fbrehatd8@posterous.com,student
478,Angelina,Crisford,acrisfordd9@upenn.edu,professor
479,Fedora,Nossent,fnossentda@qq.com,student
480,Allin,Hatchett,ahatchettdb@mtv.com,student
481,Berri,McIllrick,bmcillrickdc@discovery.com,student
482,Clemens,Dudden,cduddendd@nih.gov,student
483,Malanie,MacAlister,mmacalisterde@state.tx.us,student
484,Eleanor,Boyton,eboytondf@amazon.com,student
485,Alwyn,Cuffley,acuffleydg@un.org,student
486,Josefa,Harpham,jharphamdh@pcworld.com,student
487,Tybie,Matuszak,tmatuszakdi@youtube.com,student
488,Vernen,Quinnell,vquinnelldj@moonfruit.com,student
489,Celesta,Steddall,csteddalldk@washington.edu,student
490,Taffy,Duval,tduvaldl@elpais.com,student
491,Arri,Primarolo,aprimarolodm@slideshare.net,student
492,Jorey,Tolotti,jtolottidn@cpanel.net,student
493,Brandy,Millsom,bmillsomdo@hostgator.com,student
494,Brennan,Vardon,bvardondp@reuters.com,student
495,Gard,Obington,gobingtondq@wordpress.com,student
496,Jamill,Thorp,jthorpdr@angelfire.com,student
497,Halette,Scrange,hscrangeds@upenn.edu,student
498,Catrina,Ingrem,cingremdt@weather.com,student
499,Gerik,Perillio,gperilliodu@answers.com,student
500,Cam,Smallthwaite,csmallthwaitedv@photobucket.com,student
501,Smitty,Liddall,sliddalldw@com.com,student
502,Hale,Philliphs,hphilliphsdx@webnode.com,student
503,Jayne,Portchmouth,jportchmouthdy@abc.net.au,student
504,Koressa,Mityukov,kmityukovdz@redcross.org,professor
505,Chrissie,Le Sarr,clesarre0@amazon.co.uk,student
506,Ros,Wadham,rwadhame1@oracle.com,student
507,Priscella,Penhaleurack,ppenhaleuracke2@hc360.com,student
508,Philis,Killingbeck,pkillingbecke3@symantec.com,student
509,Valeria,Tart,vtarte4@creativecommons.org,student
510,Melosa,Morecombe,mmorecombee5@bbc.co.uk,student
511,Raynor,Philippon,rphilippone6@house.gov,student
512,Erma,Blazevic,eblazevice7@walmart.com,student
513,Kaycee,Guiden,kguidene8@usgs.gov,student
514,Joshua,Hunt,jhunte9@ameblo.jp,student
515,Ginger,Popland,gpoplandea@sogou.com,student
516,Kitty,Fencott,kfencotteb@fema.gov,student
517,Betteanne,Veldens,bveldensec@diigo.com,student
518,Tresa,Alleyn,talleyned@technorati.com,student
519,Agustin,Kayley,akayleyee@wordpress.com,student
520,Frants,Fleischmann,ffleischmannef@gov.uk,student
521,Coralie,Eiler,ceilereg@squidoo.com,student
522,Alden,Mergue,amergueeh@bizjournals.com,student
523,Tracie,Cristou,tcristouei@tripod.com,student
524,Brendin,Coe,bcoeej@bbb.org,student
525,Flint,Klaggeman,fklaggemanek@wikimedia.org,student
526,Sammy,Semens,ssemensel@delicious.com,student
527,Skippy,Goney,sgoneyem@vk.com,student
528,Anatol,Lowell,alowellen@networksolutions.com,student
529,Worthington,Lintin,wlintineo@printfriendly.com,student
530,Bayard,Jorgensen,bjorgensenep@dell.com,student
531,Barris,De Luna,bdelunaeq@macromedia.com,student
532,Robin,Fetteplace,rfetteplaceer@tuttocitta.it,student
533,Almire,Briskey,abriskeyes@army.mil,student
534,Ninetta,Burden,nburdenet@stumbleupon.com,professor
535,Nancy,Fenner,nfennereu@earthlink.net,student
536,Kai,O'Hear,kohearev@illinois.edu,student
537,Harlen,Sawter,hsawterew@upenn.edu,student
538,Elliott,Sale,esaleex@quantcast.com,student
539,Heida,Giamo,hgiamoey@naver.com,student
540,Kahlil,Holsall,kholsallez@shutterfly.com,student
541,Cinnamon,Luxmoore,cluxmooref0@printfriendly.com,student
542,Odella,Revely,orevelyf1@odnoklassniki.ru,student
543,Kendricks,Lachaize,klachaizef2@e-recht24.de,professor
544,Michelina,Arendsen,marendsenf3@booking.com,student
545,Lauretta,Frackiewicz,lfrackiewiczf4@simplemachines.org,student
546,Kristen,Morston,kmorstonf5@tinypic.com,student
547,Sunshine,Kinvig,skinvigf6@vk.com,student
548,Barnabe,Gunny,bgunnyf7@amazonaws.com,student
549,Onfre,Champley,ochampleyf8@statcounter.com,student
550,Emmalynn,Handforth,ehandforthf9@godaddy.com,student
551,Alberto,Rist,aristfa@zimbio.com,student
552,Levin,Yearnes,lyearnesfb@seesaa.net,student
553,Merrielle,Kubicka,mkubickafc@nsw.gov.au,student
554,Kerstin,Bentjens,kbentjensfd@china.com.cn,student
555,Fawne,Symes,fsymesfe@redcross.org,student
556,Orelee,Delyth,odelythff@paginegialle.it,student
557,Valeda,MacCostigan,vmaccostiganfg@taobao.com,student
558,Dion,Raylton,drayltonfh@delicious.com,student
559,Dennison,Ughetti,dughettifi@edublogs.org,student
560,Kelli,Jablonski,kjablonskifj@csmonitor.com,student
561,Raymond,Wilgar,rwilgarfk@pen.io,student
562,Adolphus,Scoates,ascoatesfl@gizmodo.com,student
563,Gayler,Iacovone,giacovonefm@netscape.com,student
564,Heath,Curzey,hcurzeyfn@dagondesign.com,student
565,Lorine,Ovill,lovillfo@wiley.com,student
566,Yul,Waistall,ywaistallfp@redcross.org,student
567,Charmane,Wanley,cwanleyfq@shinystat.com,student
568,Ingamar,Fry,ifryfr@gizmodo.com,student
569,Juanita,Guice,jguicefs@friendfeed.com,student
570,Ursola,Trevenu,utrevenuft@istockphoto.com,student
571,Gaspar,Thackwray,gthackwrayfu@nytimes.com,student
572,Vikky,Elson,velsonfv@nbcnews.com,student
573,Isa,Bauduccio,ibauducciofw@cloudflare.com,student
574,Mersey,Garry,mgarryfx@dot.gov,student
575,Rebecca,Sine,rsinefy@smugmug.com,student
576,Devonne,Bruhn,dbruhnfz@cafepress.com,student
577,Burl,Veasey,bveaseyg0@latimes.com,student
578,Lesya,Waplinton,lwaplintong1@smh.com.au,student
579,Addison,Stallen,astalleng2@economist.com,student
580,Claudetta,Snape,csnapeg3@dmoz.org,student
581,Maddy,Hindes,mhindesg4@furl.net,student
582,Hoyt,Shottin,hshotting5@google.es,student
583,Hakim,Gannan,hgannang6@theguardian.com,student
584,Luelle,Atkirk,latkirkg7@springer.com,student
585,Lamont,Pavlovic,lpavlovicg8@fc2.com,student
586,Tatiania,Duffit,tduffitg9@sohu.com,student
587,Kizzee,Ballintyne,kballintynega@flavors.me,student
588,Berty,Chalder,bchaldergb@tuttocitta.it,student
589,Drucy,Fetherston,dfetherstongc@omniture.com,professor
590,Suellen,Umpleby,sumplebygd@ed.gov,student
591,Janice,Heminsley,jheminsleyge@scientificamerican.com,student
592,Barb,Humphery,bhumpherygf@hubpages.com,student
593,Ariel,Charette,acharettegg@wsj.com,student
594,Luigi,Morteo,lmorteogh@pcworld.com,student
595,Kaylil,Gommey,kgommeygi@mediafire.com,student
596,Anatollo,Chevalier,achevaliergj@epa.gov,student
597,Roxanne,Enrrico,renrricogk@istockphoto.com,student
598,Mord,Limon,mlimongl@mtv.com,student
599,Armstrong,Eglaise,aeglaisegm@boston.com,student
600,Ainslee,Kloska,akloskagn@dmoz.org,student
601,Janey,Girth,jgirthgo@mozilla.org,professor
602,Luce,Mozzini,lmozzinigp@narod.ru,student
603,Jeanine,Schimke,jschimkegq@thetimes.co.uk,student
604,Erminia,Bidgood,ebidgoodgr@wikia.com,student
605,Gustaf,Karlolczak,gkarlolczakgs@goo.ne.jp,student
606,Adam,Gilmartin,agilmartingt@opera.com,student
607,Elinore,Triggol,etriggolgu@multiply.com,student
608,Nathanial,Pimm,npimmgv@admin.ch,student
609,Bald,Gouldstone,bgouldstonegw@vistaprint.com,student
610,Polly,Valentinetti,pvalentinettigx@springer.com,student
611,Carlen,Dumbar,cdumbargy@blinklist.com,student
612,Jaime,Ellinor,jellinorgz@mac.com,student
613,Lena,Mitton,lmittonh0@bing.com,student
614,Mervin,Josephs,mjosephsh1@51.la,student
615,Neale,Ponte,nponteh2@hugedomains.com,student
616,Bent,Dumbare,bdumbareh3@merriam-webster.com,student
617,Kalil,Laundon,klaundonh4@arstechnica.com,student
618,Blisse,Renshall,brenshallh5@ebay.com,student
619,Hesther,Sprigg,hspriggh6@prlog.org,student
620,Jaymie,Batte,jbatteh7@mapy.cz,student
621,Byron,Kilvington,bkilvingtonh8@hp.com,student
622,Berta,Finlan,bfinlanh9@soundcloud.com,student
623,Petrina,Auchterlonie,pauchterlonieha@barnesandnoble.com,student
624,Robinia,Torbeck,rtorbeckhb@prweb.com,student
625,Brooks,Nerheny,bnerhenyhc@oaic.gov.au,student
626,Myrah,Margrie,mmargriehd@ca.gov,student
627,Kelsey,Meader,kmeaderhe@dailymotion.com,student
628,Morissa,Thornley,mthornleyhf@elegantthemes.com,student
629,Lucille,Latty,llattyhg@cisco.com,professor
630,Katti,O'Hartnedy,kohartnedyhh@ihg.com,student
631,Koressa,Van der Beek,kvanderbeekhi@craigslist.org,student
632,Coreen,Baldin,cbaldinhj@umn.edu,student
633,Gail,Petch,gpetchhk@infoseek.co.jp,student
634,Port,MacParland,pmacparlandhl@earthlink.net,student
635,Francois,Wade,fwadehm@jugem.jp,student
636,Selene,Iron,sironhn@istockphoto.com,student
637,Patty,Sautter,psautterho@examiner.com,student
638,Reta,Carreyette,rcarreyettehp@prweb.com,student
639,Rik,Vallis,rvallishq@prlog.org,student
640,Kriste,Gerrans,kgerranshr@merriam-webster.com,student
641,Rikki,Yvon,ryvonhs@google.com.hk,student
642,Carmina,Balchen,cbalchenht@redcross.org,student
643,Cherry,Earl,cearlhu@bloomberg.com,student
644,Tabby,Buey,tbueyhv@etsy.com,student
645,Darlene,Amorine,damorinehw@toplist.cz,student
646,Nance,Pentin,npentinhx@infoseek.co.jp,student
647,Janie,Parton,jpartonhy@mapy.cz,student
648,Raven,Drogan,rdroganhz@ucsd.edu,student
649,Arnie,Snufflebottom,asnufflebottomi0@123-reg.co.uk,student
650,Stevana,Dagger,sdaggeri1@chicagotribune.com,professor
651,Jamill,Burg,jburgi2@example.com,student
652,Leontine,Frigot,lfrigoti3@weather.com,student
653,Darb,Baskeyfield,dbaskeyfieldi4@slashdot.org,student
654,Anissa,Haselhurst,ahaselhursti5@independent.co.uk,student
655,Jaquith,Stonhouse,jstonhousei6@xrea.com,student
656,Roberta,Govini,rgovinii7@lycos.com,student
657,Maryrose,Emm,memmi8@reference.com,student
658,Alvina,Salatino,asalatinoi9@berkeley.edu,student
659,Kasey,Tolotti,ktolottiia@tmall.com,student
660,Falito,Menham,fmenhamib@netscape.com,student
661,Arleta,Featherstonhaugh,afeatherstonhaughic@squarespace.com,student
662,Dix,Gammade,dgammadeid@google.fr,student
663,Cristian,Hambleton,chambletonie@meetup.com,student
664,Vivien,Woolens,vwoolensif@imgur.com,student
665,Happy,Peirpoint,hpeirpointig@vimeo.com,professor
666,Karole,Malatalant,kmalatalantih@devhub.com,student
667,Annetta,Shury,ashuryii@pcworld.com,student
668,Concordia,Dineges,cdinegesij@over-blog.com,student
669,Allys,Jiri,ajiriik@opera.com,student
670,Rufe,Catonnet,rcatonnetil@timesonline.co.uk,professor
671,Joann,Lapworth,jlapworthim@woothemes.com,student
672,Olympie,Kikke,okikkein@elegantthemes.com,student
673,Austen,Skiplorne,askiplorneio@taobao.com,student
674,Adelbert,Hatje,ahatjeip@posterous.com,student
675,Alfie,Ofener,aofeneriq@icio.us,student
676,Amie,Martelet,amarteletir@google.com.au,student
677,Estele,Huleatt,ehuleattis@ow.ly,student
678,Reagan,Bufton,rbuftonit@imdb.com,professor
679,Kinnie,Sweetland,ksweetlandiu@narod.ru,student
680,Edward,Wiltshire,ewiltshireiv@kickstarter.com,student
681,Brannon,Blinman,bblinmaniw@yellowpages.com,student
682,Spencer,Stabbins,sstabbinsix@theglobeandmail.com,student
683,Brana,Barnsdall,bbarnsdalliy@dagondesign.com,student
684,Deedee,Windaybank,dwindaybankiz@berkeley.edu,student
685,Rayner,Ruusa,rruusaj0@stumbleupon.com,student
686,Mavra,Neathway,mneathwayj1@patch.com,student
687,Sile,Cristofvao,scristofvaoj2@mit.edu,student
688,Andrus,Maryan,amaryanj3@1und1.de,student
689,Horacio,Bergeau,hbergeauj4@icq.com,student
690,Sarena,Alabone,salabonej5@usatoday.com,student
691,Stuart,Dunston,sdunstonj6@engadget.com,student
692,Stephie,Cornwall,scornwallj7@japanpost.jp,student
693,Ibbie,Dunley,idunleyj8@aol.com,student
694,Giralda,Cajkler,gcajklerj9@cyberchimps.com,student
695,Josephine,Stairmand,jstairmandja@typepad.com,student
696,Amalie,Newbery,anewberyjb@wordpress.org,student
697,Gwennie,Hazeldene,ghazeldenejc@ftc.gov,student
698,Verla,Linsley,vlinsleyjd@booking.com,student
699,Liana,Sumshon,lsumshonje@mayoclinic.com,student
700,Alonso,Newcomb,anewcombjf@istockphoto.com,student
701,Cacilia,Summerell,csummerelljg@theguardian.com,student
702,Chere,Hazle,chazlejh@smh.com.au,student
703,Elton,Bowstead,ebowsteadji@wordpress.com,student
704,Siobhan,Stagg,sstaggjj@nydailynews.com,student
705,Roscoe,Summergill,rsummergilljk@creativecommons.org,student
706,Nicola,Brodhead,nbrodheadjl@army.mil,student
707,Lauree,Menloe,lmenloejm@mtv.com,student
708,Elliot,Harrild,eharrildjn@example.com,student
709,Tally,Sellack,tsellackjo@jalbum.net,student
710,Jon,Payze,jpayzejp@eventbrite.com,student
711,Artair,Sterndale,asterndalejq@irs.gov,student
712,Emmie,Lavens,elavensjr@zimbio.com,student
713,Verge,Gile,vgilejs@indiatimes.com,student
714,Killian,Filipychev,kfilipychevjt@zimbio.com,student
715,Andrej,Wishkar,awishkarju@goo.ne.jp,student
716,Ayn,Hovee,ahoveejv@google.es,professor
717,Fina,Kalkofen,fkalkofenjw@hugedomains.com,student
718,Nathalia,Prahm,nprahmjx@pen.io,student
719,Ivar,Sumers,isumersjy@hatena.ne.jp,student
720,Irwin,Saffen,isaffenjz@reuters.com,student
721,Sacha,Garretts,sgarrettsk0@google.de,student
722,Karisa,Marjoram,kmarjoramk1@ask.com,student
723,Ruthy,Randlesome,rrandlesomek2@tinyurl.com,student
724,Kimmie,Theriot,ktheriotk3@blog.com,student
725,Davie,Clementet,dclementetk4@redcross.org,student
726,Randall,Gibbeson,rgibbesonk5@dmoz.org,student
727,Sebastian,Idle,sidlek6@huffingtonpost.com,student
728,Ardith,Bursnoll,abursnollk7@github.io,student
729,Verena,Drewitt,vdrewittk8@sakura.ne.jp,student
730,Joseph,Vouls,jvoulsk9@slashdot.org,student
731,Cornelia,Itscowicz,citscowiczka@bizjournals.com,student
732,Shelley,Crookall,scrookallkb@theatlantic.com,student
733,Iorgo,Haestier,ihaestierkc@homestead.com,student
734,Gustie,Orchard,gorchardkd@skyrock.com,student
735,Abbey,MacKeever,amackeeverke@live.com,student
736,Margalo,Eustace,meustacekf@wsj.com,student
737,Hayley,Farrimond,hfarrimondkg@abc.net.au,student
738,Cher,Tesseyman,ctesseymankh@washington.edu,student
739,Jemmie,Marsy,jmarsyki@so-net.ne.jp,student
740,Humfrey,Pegler,hpeglerkj@deliciousdays.com,student
741,Gusty,Coupar,gcouparkk@virginia.edu,student
742,Levon,Roizin,lroizinkl@e-recht24.de,student
743,Wenonah,Labb,wlabbkm@cdc.gov,student
744,Clint,Broxap,cbroxapkn@smugmug.com,student
745,Farr,Longfut,flongfutko@sohu.com,student
746,Ernestine,Trembath,etrembathkp@vkontakte.ru,student
747,Patty,Correa,pcorreakq@irs.gov,student
748,Jozef,Dwyr,jdwyrkr@smugmug.com,student
749,Sayer,Scrivener,sscrivenerks@sakura.ne.jp,student
750,Saidee,Setford,ssetfordkt@economist.com,student
751,Kalina,Sowrey,ksowreyku@elegantthemes.com,student
752,Sergeant,Sawl,ssawlkv@mtv.com,student
753,Odilia,Pepin,opepinkw@about.me,student
754,Jamaal,Bloyes,jbloyeskx@theatlantic.com,student
755,Jerad,M'Barron,jmbarronky@java.com,student
756,Christa,Whenham,cwhenhamkz@blinklist.com,student
757,Myrvyn,Dreus,mdreusl0@mashable.com,professor
758,Chauncey,Trevillion,ctrevillionl1@360.cn,student
759,Fleurette,Colyer,fcolyerl2@gov.uk,student
760,Gail,Trainor,gtrainorl3@opera.com,student
761,Xerxes,Craydon,xcraydonl4@opensource.org,student
762,Dru,Barsam,dbarsaml5@unblog.fr,student
763,Lauralee,Afield,lafieldl6@facebook.com,student
764,Ingamar,Muckloe,imuckloel7@etsy.com,student
765,Nertie,Ferronet,nferronetl8@stanford.edu,student
766,Car,Drinkhall,cdrinkhalll9@ezinearticles.com,student
767,Tracey,Ciciotti,tciciottila@senate.gov,student
768,Pier,Jakoubec,pjakoubeclb@cbsnews.com,student
769,Marinna,Bagnell,mbagnelllc@spotify.com,student
770,Codi,Styan,cstyanld@instagram.com,student
771,Hagan,Stones,hstonesle@hp.com,student
772,Chucho,Dickenson,cdickensonlf@mtv.com,student
773,Marshal,Gilhool,mgilhoollg@hao123.com,student
774,Hurleigh,Sage,hsagelh@nature.com,student
775,Anjela,Belcham,abelchamli@barnesandnoble.com,student
776,Ingemar,Blanning,iblanninglj@weather.com,student
777,Jamesy,Dunham,jdunhamlk@geocities.jp,student
778,Bryna,Ellingworth,bellingworthll@webeden.co.uk,student
779,Ronni,Slemming,rslemminglm@so-net.ne.jp,student
780,Ivan,Pilch,ipilchln@lulu.com,student
781,Beverly,Bentjens,bbentjenslo@telegraph.co.uk,student
782,Adler,Borgnet,aborgnetlp@google.fr,student
783,Bent,Baudins,bbaudinslq@netscape.com,professor
784,See,Kerby,skerbylr@ycombinator.com,student
785,Krysta,Hessel,khessells@squidoo.com,student
786,Jaime,Goodbanne,jgoodbannelt@foxnews.com,student
787,Mirella,Trehearne,mtrehearnelu@zdnet.com,student
788,Ringo,Benez,rbenezlv@japanpost.jp,student
789,Brian,Conen,bconenlw@yolasite.com,student
790,Timi,Kildea,tkildealx@usgs.gov,student
791,Augusto,Hazeup,ahazeuply@shutterfly.com,student
792,Desiri,Wayte,dwaytelz@amazon.de,student
793,Timmy,Borthwick,tborthwickm0@va.gov,student
794,Kyle,Enric,kenricm1@nyu.edu,student
795,Glennis,Frede,gfredem2@hubpages.com,student
796,Renee,McCuthais,rmccuthaism3@weather.com,student
797,Decca,Waything,dwaythingm4@auda.org.au,student
798,Maxie,Chittie,mchittiem5@cloudflare.com,student
799,Connie,De Cleen,cdecleenm6@topsy.com,student
800,Elianora,Bilby,ebilbym7@edublogs.org,student
801,Padraig,Conerding,pconerdingm8@vistaprint.com,student
802,Annora,Breslauer,abreslauerm9@ucoz.com,student
803,Alisun,Timmermann,atimmermannma@skyrock.com,student
804,Jayme,MacHarg,jmachargmb@naver.com,student
805,Pauli,Mouat,pmouatmc@webs.com,student
806,Sigmund,Garry,sgarrymd@fda.gov,student
807,Lenore,Quogan,lquoganme@illinois.edu,student
808,Bowie,Baldcock,bbaldcockmf@nifty.com,professor
809,Herminia,Fencott,hfencottmg@ifeng.com,student
810,Chrysa,Whitty,cwhittymh@infoseek.co.jp,student
811,Dorelia,Evitts,devittsmi@de.vu,student
812,Francis,Rodrigo,frodrigomj@sbwire.com,student
813,Laurence,Buckwell,lbuckwellmk@tripod.com,student
814,Linea,Lembke,llembkeml@chicagotribune.com,student
815,Margarita,Clemes,mclemesmm@flavors.me,student
816,Terri-jo,Slimmon,tslimmonmn@amazon.co.jp,student
817,Theodoric,Rathbone,trathbonemo@yolasite.com,student
818,Harwell,Hamsley,hhamsleymp@sitemeter.com,student
819,Jilly,Greville,jgrevillemq@arstechnica.com,student
820,Helaine,Pavis,hpavismr@mtv.com,student
821,Marin,Giacomini,mgiacominims@ca.gov,student
822,Stephanie,Breyt,sbreytmt@eepurl.com,student
823,Galen,Cresswell,gcresswellmu@mtv.com,student
824,Timmi,Brockington,tbrockingtonmv@livejournal.com,student
825,Gar,Obeney,gobeneymw@sogou.com,student
826,Farleigh,Davidove,fdavidovemx@go.com,student
827,Terese,Mitchelson,tmitchelsonmy@fotki.com,student
828,Bobbie,Hargraves,bhargravesmz@mit.edu,student
829,Merrielle,Trewhitt,mtrewhittn0@nyu.edu,student
830,Persis,Peris,pperisn1@clickbank.net,professor
831,Stephen,Kettlestringes,skettlestringesn2@bbc.co.uk,student
832,Finlay,Ambrogini,fambroginin3@ca.gov,student
833,Gonzalo,Pocklington,gpocklingtonn4@xinhuanet.com,professor
834,Felipe,Twiddy,ftwiddyn5@usda.gov,student
835,Bertha,Bennett,bbennettn6@cpanel.net,student
836,Ware,Paiton,wpaitonn7@google.it,student
837,Lissy,Ogley,logleyn8@live.com,student
838,Obie,De Roberto,oderoberton9@merriam-webster.com,student
839,Ginelle,Derbyshire,gderbyshirena@squidoo.com,student
840,Wylma,Verryan,wverryannb@whitehouse.gov,student
841,Murray,Zorzoni,mzorzoninc@naver.com,student
842,Bryce,Ruhben,bruhbennd@privacy.gov.au,student
843,Lorant,Badgers,lbadgersne@blinklist.com,student
844,Shayla,Fumagall,sfumagallnf@census.gov,professor
845,Blondell,Instrell,binstrellng@blogs.com,student
846,Tine,Glavias,tglaviasnh@slashdot.org,student
847,Justis,Leijs,jleijsni@geocities.jp,student
848,Thelma,Kidwell,tkidwellnj@boston.com,student
849,Nicki,Fidilis,nfidilisnk@goo.gl,student
850,Wolfy,Scole,wscolenl@pagesperso-orange.fr,student
851,Deeann,Veivers,dveiversnm@wisc.edu,student
852,Niko,Hennemann,nhennemannnn@alibaba.com,student
853,Sidoney,Gerdts,sgerdtsno@va.gov,student
854,Barret,Neno,bnenonp@ocn.ne.jp,student
855,Ali,Splevin,asplevinnq@tamu.edu,student
856,Nicolai,Firth,nfirthnr@free.fr,student
857,Amelia,Saull,asaullns@timesonline.co.uk,student
858,Blondell,Claricoats,bclaricoatsnt@accuweather.com,student
859,Luelle,Gynn,lgynnnu@i2i.jp,student
860,Alejoa,Genty,agentynv@ucoz.ru,student
861,Karlan,Lesor,klesornw@vimeo.com,student
862,Randie,Cumberlidge,rcumberlidgenx@symantec.com,student
863,Port,Moller,pmollerny@gizmodo.com,student
864,Kissiah,McGiffie,kmcgiffienz@ihg.com,professor
865,Tanny,Petley,tpetleyo0@elpais.com,student
866,Tresa,Burnard,tburnardo1@cbsnews.com,student
867,Claudius,Woolaghan,cwoolaghano2@mlb.com,student
868,Oby,Kennaway,okennawayo3@nba.com,student
869,Webb,O'Suaird,wosuairdo4@123-reg.co.uk,student
870,Allys,Jenicek,ajeniceko5@chronoengine.com,student
871,Kain,Pentony,kpentonyo6@google.it,student
872,Ethyl,Nesbeth,enesbetho7@netscape.com,student
873,Allie,Pidon,apidono8@imdb.com,student
874,Laverne,Frissell,lfrissello9@infoseek.co.jp,student
875,Carlin,Cavanaugh,ccavanaughoa@cocolog-nifty.com,student
876,Kylynn,Ackroyd,kackroydob@biglobe.ne.jp,professor
877,Felita,Lytle,flytleoc@nsw.gov.au,student
878,Clevie,Fetherston,cfetherstonod@stumbleupon.com,student
879,Emilio,Parlour,eparlouroe@dion.ne.jp,student
880,Trumann,Rosterne,trosterneof@google.es,student
881,Angelique,Sharland,asharlandog@xrea.com,student
882,Austin,Sapena,asapenaoh@cdbaby.com,student
883,Clarinda,Dunnion,cdunnionoi@seattletimes.com,student
884,Nedi,Pettyfer,npettyferoj@kickstarter.com,student
885,Jordan,Littlecote,jlittlecoteok@yahoo.com,student
886,Quinta,Stevings,qstevingsol@cam.ac.uk,student
887,Calida,Rawlins,crawlinsom@wix.com,student
888,Muffin,Hawson,mhawsonon@artisteer.com,student
889,Shepherd,McPhee,smcpheeoo@yandex.ru,student
890,Corissa,Siemantel,csiemantelop@linkedin.com,student
891,Renard,Pristnor,rpristnoroq@addthis.com,student
892,Remy,Charrington,rcharringtonor@washingtonpost.com,student
893,Connie,Justice,cjusticeos@nationalgeographic.com,student
894,Phaedra,Klimentov,pklimentovot@cdbaby.com,student
895,Kate,Tredinnick,ktredinnickou@t-online.de,student
896,Verna,Ellin,vellinov@homestead.com,student
897,Alameda,MacAlaster,amacalasterow@wufoo.com,student
898,Nessa,Lythgoe,nlythgoeox@java.com,student
899,Roana,Lantaph,rlantaphoy@soundcloud.com,student
900,Gib,Berkley,gberkleyoz@shareasale.com,student
901,Edward,Dissman,edissmanp0@nationalgeographic.com,student
902,Denney,Merrell,dmerrellp1@altervista.org,student
903,Heddi,Shinton,hshintonp2@cbslocal.com,professor
904,Pernell,Worviell,pworviellp3@cmu.edu,student
905,Dionisio,Andre,dandrep4@redcross.org,student
906,Catherina,Shevlan,cshevlanp5@buzzfeed.com,student
907,Marci,MacUchadair,mmacuchadairp6@cmu.edu,student
908,Lexie,Nettles,lnettlesp7@wikimedia.org,student
909,Tanhya,Belsher,tbelsherp8@google.co.uk,student
910,Glyn,Purdy,gpurdyp9@zdnet.com,student
911,Stephine,Wileman,swilemanpa@gov.uk,student
912,Merle,Groven,mgrovenpb@booking.com,student
913,Beck,Cypler,bcyplerpc@geocities.com,student
914,Odele,Brandreth,obrandrethpd@pinterest.com,student
915,Evelina,Bielfeld,ebielfeldpe@elegantthemes.com,student
916,Lorene,Crauford,lcraufordpf@ning.com,student
917,Carita,Darwin,cdarwinpg@godaddy.com,student
918,Rickey,Brissard,rbrissardph@lycos.com,student
919,Melodee,Kairns,mkairnspi@virginia.edu,student
920,Godfree,Poker,gpokerpj@biblegateway.com,professor
921,Analiese,May,amaypk@live.com,student
922,Ferrell,Aldwinckle,faldwincklepl@google.com,student
923,Renee,Coolbear,rcoolbearpm@networkadvertising.org,student
924,Fanny,Cregg,fcreggpn@wiley.com,student
925,Curtis,Toffoletto,ctoffolettopo@wordpress.com,student
926,Sascha,Hodgon,shodgonpp@reuters.com,student
927,Barret,Worrall,bworrallpq@usatoday.com,student
928,Danielle,Roostan,droostanpr@google.com,student
929,Blancha,Janacek,bjanacekps@weibo.com,student
930,Dietrich,Lavigne,dlavignept@lulu.com,student
931,Lorant,Varian,lvarianpu@guardian.co.uk,student
932,Liuka,Gehrts,lgehrtspv@loc.gov,student
933,Em,Rheam,erheampw@freewebs.com,student
934,Melli,Mabbitt,mmabbittpx@ucsd.edu,student
935,Cher,Larkins,clarkinspy@trellian.com,student
936,Ardelis,Clother,aclotherpz@qq.com,student
937,Hinze,Bore,hboreq0@reuters.com,student
938,Merrilee,Galley,mgalleyq1@topsy.com,student
939,Jacquie,Gwillyam,jgwillyamq2@spiegel.de,student
940,Bryanty,Klisch,bklischq3@hp.com,student
941,Bone,Pietsma,bpietsmaq4@yelp.com,student
942,Itch,Krolle,ikrolleq5@delicious.com,student
943,Belicia,McAloren,bmcalorenq6@nhs.uk,student
944,Sven,Ostler,sostlerq7@canalblog.com,student
945,Lucilia,Pratten,lprattenq8@amazon.com,student
946,Elaine,Libermore,elibermoreq9@state.tx.us,student
947,Briant,Waud,bwaudqa@mail.ru,student
948,Oswell,Frisch,ofrischqb@bandcamp.com,student
949,Bliss,Wilkes,bwilkesqc@dion.ne.jp,student
950,Jody,Spry,jspryqd@delicious.com,student
951,Bekki,Mordan,bmordanqe@weibo.com,student
952,Galen,McGriele,gmcgrieleqf@marriott.com,student
953,Ivar,Gresser,igresserqg@si.edu,student
954,Dewey,Hawkeswood,dhawkeswoodqh@skyrock.com,student
955,De witt,Whitney,dwhitneyqi@buzzfeed.com,student
956,Jewell,Lidgely,jlidgelyqj@bbc.co.uk,student
957,Helge,Dawkins,hdawkinsqk@mit.edu,student
958,Garnette,Bevington,gbevingtonql@instagram.com,student
959,Freddy,Potapczuk,fpotapczukqm@wikipedia.org,student
960,Suzi,Mantrip,smantripqn@adobe.com,student
961,Justinian,Tibalt,jtibaltqo@weebly.com,student
962,Randy,Jope,rjopeqp@spotify.com,student
963,Candra,Giraldo,cgiraldoqq@bing.com,student
964,Annette,Wedderburn,awedderburnqr@hao123.com,student
965,Mady,Mottinelli,mmottinelliqs@ucla.edu,student
966,Giovanna,Osgerby,gosgerbyqt@amazon.de,student
967,Darrin,Croal,dcroalqu@google.com,student
968,Carrol,Bree,cbreeqv@wunderground.com,student
969,Devin,Wrintmore,dwrintmoreqw@unblog.fr,student
970,Ellis,Rawcliff,erawcliffqx@fda.gov,student
971,Josselyn,Yeldon,jyeldonqy@netscape.com,student
972,Allyn,Hardinge,ahardingeqz@photobucket.com,student
973,Jilleen,Costa,jcostar0@pcworld.com,student
974,Karlik,Warwick,kwarwickr1@intel.com,student
975,Guillaume,Moulson,gmoulsonr2@rakuten.co.jp,student
976,Merl,McClary,mmcclaryr3@washingtonpost.com,student
977,Krysta,Lambole,klamboler4@princeton.edu,student
978,Trista,Jirik,tjirikr5@sogou.com,student
979,Alison,Bardwall,abardwallr6@phpbb.com,student
980,Wynny,Bouttell,wbouttellr7@nationalgeographic.com,student
981,Saloma,Braney,sbraneyr8@ftc.gov,student
982,Eula,Wilmington,ewilmingtonr9@upenn.edu,student
983,Virgilio,Moxson,vmoxsonra@berkeley.edu,student
984,Tessa,Acland,taclandrb@bandcamp.com,student
985,Maurice,Tangye,mtangyerc@cbc.ca,student
986,Darbie,Crinion,dcrinionrd@wufoo.com,student
987,Gwyneth,Beaty,gbeatyre@army.mil,student
988,Hewie,Cogley,hcogleyrf@latimes.com,student
989,Anett,Lates,alatesrg@ft.com,student
990,Savina,Filler,sfillerrh@google.com,student
991,Carolan,Whawell,cwhawellri@un.org,student
992,Janaya,Ellacott,jellacottrj@pcworld.com,student
993,Egan,Hathorn,ehathornrk@printfriendly.com,student
994,Corrie,Gainforth,cgainforthrl@diigo.com,student
995,Tallie,Olensby,tolensbyrm@hexun.com,professor
996,Nappy,Watmough,nwatmoughrn@elegantthemes.com,student
997,Levey,Hollyer,lhollyerro@zimbio.com,student
998,Jeffry,Archbald,jarchbaldrp@irs.gov,student
999,Omar,Dunstan,odunstanrq@vimeo.com,student
1000,Garald,Warwick,gwarwickrr@eepurl.com,student
